"","mix.ID","sample","family","genus","species","question.1","question.2","question.3","spp.rich","pollen.grain.proportion","relatedness","sample.mix","quant.species.rbcL","qual.species.rbcL","quant.genus.rbcL","qual.genus.rbcL","quant.family.rbcL","qual.family.rbcL","quant.species.ITS","qual.species.ITS","quant.genus.ITS","qual.genus.ITS","quant.family.ITS","qual.family.ITS"
"1","A.art","S7","Asteraceae","Ambrosia","Ambrosia artemisiifolia",99,99,99,1,1,0,"A.art_S7",0,0,0.68814055636896,1,0.822282252783235,1,0.997345162482777,1,0.998993963782696,1,0.999038800422928,1
"2","A.tri","S6","Asteraceae","Artemisia","Artemisia tridentata",99,99,99,1,1,0,"A.tri_S6",0,0,0,0,1,1,0,0,1,1,1,1
"3","B.pap","S3","Moraceae","Broussonetia","Broussonetia papyrifera",99,99,99,1,1,0,"B.pap_S3",1,1,0.997322348094748,1,0.995505568224589,1,1,1,0.721448467966574,1,0.84958217270195,1
"4","B.sco","S5","Amaranthaceae","Bassia","Bassia scoparia",99,99,99,1,1,0,"B.sco_S5",1,1,1,1,0.999021334899198,1,0.993072159892097,1,0.993396484197104,1,0.995083322455728,1
"5","C.ill","S4","Juglandaceae","Carya","Carya illinoinensis",99,99,99,1,1,0,"C.ill_S4",0,0,0,0,0.895848315296511,1,1,1,0.983306188925081,1,0.988025700934579,1
"6","mix1","S12","Moraceae","Broussonetia","Broussonetia papyrifera",1,2,3,3,0.32,4,"mix1_S12",0.656920234556993,1,0.656920234556993,1,0.550403047214102,1,0.031023784901758,1,0.00441631090828794,1,0.00431654676258993,1
"7","mix1","S12","Poaceae","Zea","Zea mays",1,2,3,3,0.23,4,"mix1_S12",0,0,0,0,0.416024448578262,1,0,0,0,0,0,0
"8","mix1","S12","Asteraceae","Artemisia","Artemisia tridentata",1,2,3,3,0.45,4,"mix1_S12",0,0,0,0,0.0335725042076358,1,0,0,0.995583689091712,1,0.99568345323741,1
"9","mix1","S10","Moraceae","Broussonetia","Broussonetia papyrifera",1,2,3,3,0.32,4,"mix1_S10",0.713070320734829,1,0.713070320734829,1,0.555474857948477,1,0.0413274890419537,1,0.00613496932515337,1,0.0059669107675617,1
"10","mix1","S10","Poaceae","Zea","Zea mays",1,2,3,3,0.23,4,"mix1_S10",0,0,0,0,0.406801384201307,1,0,0,0,0,0,0
"11","mix1","S10","Asteraceae","Artemisia","Artemisia tridentata",1,2,3,3,0.45,4,"mix1_S10",0,0,0,0,0.0360148673473747,1,0,0,0.993865030674847,1,0.994033089232438,1
"12","mix1","S11","Moraceae","Broussonetia","Broussonetia papyrifera",1,2,3,3,0.32,4,"mix1_S11",0.709725389114702,1,0.708134129051403,1,0.553998459602126,1,0.0334014996591684,1,0.00461350155352603,1,0.00449088076253322,1
"13","mix1","S11","Poaceae","Zea","Zea mays",1,2,3,3,0.23,4,"mix1_S11",0,0,0,0,0.409407698232299,1,0,0,0,0,0,0
"14","mix1","S11","Asteraceae","Artemisia","Artemisia tridentata",1,2,3,3,0.45,4,"mix1_S11",0,0,0,0,0.0339075385569102,1,0,0,0.995386498446474,1,0.995509119237467,1
"15","mix10","S37","Poaceae","Poa","Poa pratensis",2,99,99,2,0.91,2,"mix10_S37",0.850649350649351,1,0.810643564356436,1,0.818708609271523,1,0.988206477365508,1,0.949971862689927,1,0.954863940035848,1
"16","mix10","S37","Moraceae","Broussonetia","Broussonetia papyrifera",2,99,99,2,0.09,2,"mix10_S37",0.149350649350649,1,0.142326732673267,1,0.149834437086093,1,0.00362877619522816,1,0.00225098480585256,1,0.00217261419803378,1
"17","mix10","S38","Poaceae","Poa","Poa pratensis",2,99,99,2,0.91,2,"mix10_S38",0.819184908346681,1,0.790683334267616,1,0.797803482690942,1,0.983781127129751,1,0.955462922334357,1,0.960702943044675,1
"18","mix10","S38","Moraceae","Broussonetia","Broussonetia papyrifera",2,99,99,2,0.09,2,"mix10_S38",0.176009966186154,1,0.166320982117832,1,0.170167453125652,1,0.0040956749672346,1,0.00219394471259324,1,0.00211729832733432,1
"19","mix10","S39","Poaceae","Poa","Poa pratensis",2,99,99,2,0.91,2,"mix10_S39",0.848331842004346,1,0.817693236714976,1,0.814714008825106,1,0.98480562515154,1,0.961382016557401,1,0.967755366395263,1
"20","mix10","S39","Moraceae","Broussonetia","Broussonetia papyrifera",2,99,99,2,0.09,2,"mix10_S39",0.148536367122587,1,0.140338164251208,1,0.156625015464555,1,0.00323284571243837,1,0.0019141503565105,1,0.00185048112509252,1
"21","mix11","S40","Moraceae","Broussonetia","Broussonetia papyrifera",2,3,99,2,0.09,2,"mix11_S40",0.132717632974175,1,0.126158348236059,1,0.125559827196702,1,0.00293381037567084,1,0.00158069242038708,1,0.00151874351755816,1
"22","mix11","S40","Poaceae","Poa","Poa pratensis",2,3,99,2,0.91,2,"mix11_S40",0.864317883815062,1,0.834715222457053,1,0.845824580872736,1,0.985903398926655,1,0.959480299174956,1,0.965994962216625,1
"23","mix11","S41","Moraceae","Broussonetia","Broussonetia papyrifera",2,3,99,2,0.09,2,"mix11_S41",0.136204164780444,1,0.128414425949637,1,0.132708939159334,1,0.00295265211430982,1,0.00165827657684335,1,0.00159698853590372,1
"24","mix11","S41","Poaceae","Poa","Poa pratensis",2,3,99,2,0.91,2,"mix11_S41",0.858872793119058,1,0.824263764404609,1,0.833792816949281,1,0.985447643150902,1,0.961859638732603,1,0.966406205441168,1
"25","mix11","S42","Moraceae","Broussonetia","Broussonetia papyrifera",2,3,99,2,0.09,2,"mix11_S42",0.148184982595724,1,0.139477491277338,1,0.140599638624322,1,0.00426490705721413,1,0.00227204526943027,1,0.00218719049191152,1
"26","mix11","S42","Poaceae","Poa","Poa pratensis",2,3,99,2,0.91,2,"mix11_S42",0.845847836897066,1,0.80903752872096,1,0.822344041895079,1,0.983342721493522,1,0.952544262013975,1,0.95836084516342,1
"27","mix12","S44","Poaceae","Zea","Zea mays",2,99,99,2,0.16,3,"mix12_S44",0,0,0,0,0.492505103528726,1,0.253164556962025,1,0.339222614840989,1,0.339222614840989,1
"28","mix12","S44","Moraceae","Broussonetia","Broussonetia papyrifera",2,99,99,2,0.84,3,"mix12_S44",0.634170093053452,1,0.634170093053452,1,0.507494896471274,1,0.746835443037975,1,0.416961130742049,1,0.416961130742049,1
"29","mix12","S45","Poaceae","Zea","Zea mays",2,99,99,2,0.16,3,"mix12_S45",0,0,0,0,0.486527540838027,1,0.155902004454343,1,0.234200743494424,1,0.234200743494424,1
"30","mix12","S45","Moraceae","Broussonetia","Broussonetia papyrifera",2,99,99,2,0.84,3,"mix12_S45",0.650771969038454,1,0.64961573423684,1,0.510714869949288,1,0.621380846325167,1,0.345724907063197,1,0.478314745972739,1
"31","mix12","S43","Poaceae","Zea","Zea mays",2,99,99,2,0.16,3,"mix12_S43",0,0,0,0,0.481060606060606,1,0.176308539944904,1,0.232620320855615,1,0.274064171122995,1
"32","mix12","S43","Moraceae","Broussonetia","Broussonetia papyrifera",2,99,99,2,0.84,3,"mix12_S43",0.662920923193341,1,0.66194416109411,1,0.516377649325626,1,0.721763085399449,1,0.350267379679144,1,0.442513368983957,1
"33","mix13","S46","Asteraceae","Artemisia","Artemisia tridentata",2,99,99,4,0.36,3,"mix13_S46",0,0,0,0,0.0187812735622729,1,0,0,0.618435569285084,1,0.617094017094017,1
"34","mix13","S46","Moraceae","Broussonetia","Broussonetia papyrifera",2,99,99,4,0.41,3,"mix13_S46",0.488626447146431,1,0.478575498575499,1,0.402289396120365,1,0.0106480631540297,1,0.00319947043248014,1,0.0030982905982906,1
"35","mix13","S46","Poaceae","Zea","Zea mays",2,99,99,4,0.02,3,"mix13_S46",0,0,0,0,0.570635410240592,1,0,0,0,0,0.37232905982906,1
"36","mix13","S46","Poaceae","Poa","Poa pratensis",2,99,99,4,0.22,3,"mix13_S46",0.324684391180406,1,0.324786324786325,1,0.570635410240592,1,0.700201946025335,1,0.370642100617829,1,0.37232905982906,1
"37","mix13","S47","Asteraceae","Artemisia","Artemisia tridentata",2,99,99,4,0.36,3,"mix13_S47",0,0,0,0,0.0153864409461277,1,0,0,0.614823188750719,1,0.613536991736811,1
"38","mix13","S47","Moraceae","Broussonetia","Broussonetia papyrifera",2,99,99,4,0.41,3,"mix13_S47",0.47342315168577,1,0.465099433688924,1,0.39510323550352,1,0.0100080064051241,1,0.00297495091330993,1,0.00288922703546045,1
"39","mix13","S47","Poaceae","Zea","Zea mays",2,99,99,4,0.02,3,"mix13_S47",0,0,0,0,0.582588402816233,1,0,0,0,0,0.37548394552844,1
"40","mix13","S47","Poaceae","Poa","Poa pratensis",2,99,99,4,0.22,3,"mix13_S47",0.327904015014411,1,0.328197023574345,1,0.582588402816233,1,0.706832132372565,1,0.372741516431646,1,0.37548394552844,1
"41","mix13","S48","Asteraceae","Artemisia","Artemisia tridentata",2,99,99,4,0.36,3,"mix13_S48",0,0,0,0,0.0205171627694913,1,0,0,0.643457768732259,1,0.643620299979453,1
"42","mix13","S48","Moraceae","Broussonetia","Broussonetia papyrifera",2,99,99,4,0.41,3,"mix13_S48",0.453238244332348,1,0.444198204341402,1,0.369308929850843,1,0.00982800982800983,1,0.00299930373306197,1,0.00287651530717074,1
"43","mix13","S48","Poaceae","Zea","Zea mays",2,99,99,4,0.02,3,"mix13_S48",0,0,0,0,0.602683514622549,1,0,0,0,0,0.347698787754263,1
"44","mix13","S48","Poaceae","Poa","Poa pratensis",2,99,99,4,0.22,3,"mix13_S48",0.337334029106511,1,0.337481531992272,1,0.602683514622549,1,0.665847665847666,1,0.347490761073322,1,0.347698787754263,1
"45","mix14","S49","Asteraceae","Artemisia","Artemisia tridentata",2,99,99,6,0.26,4,"mix14_S49",0,0,0,0,0.00438959039990879,1,0,0,0.474037213327564,1,0.469970804949256,1
"46","mix14","S49","Moraceae","Broussonetia","Broussonetia papyrifera",2,99,99,6,0.19,4,"mix14_S49",0.305753884922302,1,0.0709597764637078,1,0.0904426645383804,1,0.00606817776191326,1,0.00245204096350786,1,0.00236340886973446,1
"47","mix14","S49","Amaranthaceae","Bassia","Bassia scoparia",2,99,99,6,0.1,4,"mix14_S49",0.118297634047319,1,0.027454675417506,1,0.0266795884046404,1,0.378368731036945,1,0.203375162267417,1,0.205338523564577,1
"48","mix14","S49","Poaceae","Zea","Zea mays",2,99,99,6,0.09,4,"mix14_S49",0,0,0,0,0.164723655331642,1,0,0,0,0,0.290490754900598,1
"49","mix14","S49","Salicaceae","Populus","Populus tremuloides",2,99,99,6,0.16,4,"mix14_S49",0.0103597928041439,1,0.805640392488141,1,0.711484194624177,1,0.0249866143137605,1,0.0259627866724362,1,0.0276657861810093,1
"50","mix14","S49","Poaceae","Poa","Poa pratensis",2,99,99,6,0.21,4,"mix14_S49",0.253814923701526,1,0.0589057118721164,1,0.164723655331642,1,0.396216312689631,1,0.289845665657003,1,0.290490754900598,1
"51","mix14","S50","Asteraceae","Artemisia","Artemisia tridentata",2,99,99,6,0.26,4,"mix14_S50",0,0,0,0,0.00386961201373584,1,0,0,0.475906488549618,1,0.472989747597812,1
"52","mix14","S50","Moraceae","Broussonetia","Broussonetia papyrifera",2,99,99,6,0.19,4,"mix14_S50",0.315309767212711,1,0.0743559208806529,1,0.0931782071651889,1,0.00717445892622265,1,0.00286259541984733,1,0.00275849386235116,1
"53","mix14","S50","Amaranthaceae","Bassia","Bassia scoparia",2,99,99,6,0.1,4,"mix14_S50",0.118364330582584,1,0.0279125156118389,1,0.0264978729947209,1,0.372593566901829,1,0.202814885496183,1,0.204220495609397,1
"54","mix14","S50","Poaceae","Zea","Zea mays",2,99,99,6,0.09,4,"mix14_S50",0,0,0,0,0.166316436881759,1,0,0,0,0,0.282929520481817,1
"55","mix14","S50","Salicaceae","Populus","Populus tremuloides",2,99,99,6,0.16,4,"mix14_S50",0.0102229338588496,1,0.798193383484853,1,0.708677156475834,1,0.0308501733827574,1,0.030486641221374,1,0.0331019263482139,1
"56","mix14","S50","Poaceae","Poa","Poa pratensis",2,99,99,6,0.21,4,"mix14_S50",0.244857741101121,1,0.0591942838885823,1,0.166316436881759,1,0.378572282673682,1,0.283778625954198,1,0.282929520481817,1
"57","mix14","S51","Asteraceae","Artemisia","Artemisia tridentata",2,99,99,6,0.26,4,"mix14_S51",0,0,0,0,0.00482301412819333,1,0,0,0.482640661697131,1,0.479074565281462,1
"58","mix14","S51","Moraceae","Broussonetia","Broussonetia papyrifera",2,99,99,6,0.19,4,"mix14_S51",0.314005782203662,1,0.0762004989086374,1,0.093869829745897,1,0.00995155165640958,1,0.00388032267946492,1,0.00373317614696925,1
"59","mix14","S51","Amaranthaceae","Bassia","Bassia scoparia",2,99,99,6,0.1,4,"mix14_S51",0.123514294892387,1,0.0299734954786405,1,0.0288699149581608,1,0.348173366505172,1,0.191514346982539,1,0.192749778956675,1
"60","mix14","S51","Poaceae","Zea","Zea mays",2,99,99,6,0.09,4,"mix14_S51",0,0,0,0,0.174293164272202,1,0,0,0,0,0.282493368700265,1
"61","mix14","S51","Salicaceae","Populus","Populus tremuloides",2,99,99,6,0.16,4,"mix14_S51",0.00971731448763251,1,0.790088088556283,1,0.695843345774324,1,0.0366636113657195,1,0.034616562851016,1,0.0375282444247962,1
"62","mix14","S51","Poaceae","Poa","Poa pratensis",2,99,99,6,0.21,4,"mix14_S51",0.254176035978156,1,0.0629287496102276,1,0.174293164272202,1,0.388503339007464,1,0.282752986827326,1,0.282493368700265,1
"63","mix15","S53","Amaranthaceae","Bassia","Bassia scoparia",2,99,99,8,0.09,4,"mix15_S53",0.112020716732103,1,0.0282947208507406,1,0.0271988174427199,1,0.134624581539933,1,0.11530305271983,1,0.115738773197337,1
"64","mix15","S53","Salicaceae","Populus","Populus tremuloides",2,99,99,8,0.15,4,"mix15_S53",0.00902180268983377,1,0.782250917837701,1,0.690169992609017,1,0.0106009883628248,1,0.0178034225970311,1,0.0195495112622184,1
"65","mix15","S53","Juglandaceae","Carya","Carya illinoinensis",2,99,99,8,0.13,4,"mix15_S53",0,0,0,0,0,0,0.00239120038259206,1,0.00147950880307738,1,0.00141663125088539,1
"66","mix15","S53","Moraceae","Broussonetia","Broussonetia papyrifera",2,99,99,8,0.15,4,"mix15_S53",0.324116615153287,1,0.0818669029835,1,0.102586844050259,1,0,0,0,0,0,0
"67","mix15","S53","Asteraceae","Ambrosia","Ambrosia artemisiifolia",2,99,99,8,0.14,4,"mix15_S53",0,0,0,0,0.00375092387287509,1,0.599713055954089,1,0.372737584455294,1,0.685082872928177,1
"68","mix15","S53","Asteraceae","Artemisia","Artemisia tridentata",2,99,99,8,0.16,4,"mix15_S53",0,0,0,0,0.00375092387287509,1,0,0,0.312916111850865,1,0.685082872928177,1
"69","mix15","S53","Poaceae","Poa","Poa pratensis",2,99,99,8,0.13,4,"mix15_S53",0.261465207584997,1,0.0674135966578048,1,0.174593495934959,1,0.163318986131038,1,0.176801301967747,1,0.175378948859612,1
"70","mix15","S53","Poaceae","Zea","Zea mays",2,99,99,8,0.05,4,"mix15_S53",0,0,0,0,0.174593495934959,1,0,0,0,0,0.175378948859612,1
"71","mix15","S52","Amaranthaceae","Bassia","Bassia scoparia",2,99,99,8,0.09,4,"mix15_S52",0.118755292125318,1,0.0315203955500618,1,0.0300726227031242,1,0.143268904713462,1,0.115293389708157,1,0.117705242334322,1
"72","mix15","S52","Salicaceae","Populus","Populus tremuloides",2,99,99,8,0.15,4,"mix15_S52",0,0,0.774581413641982,1,0.676999561339377,1,0.0100033909799932,1,0.0155718263380427,1,0.0149357072205737,1
"73","mix15","S52","Juglandaceae","Carya","Carya illinoinensis",2,99,99,8,0.13,4,"mix15_S52",0,0,0,0,0,0,0,0,0,0,0,0
"74","mix15","S52","Moraceae","Broussonetia","Broussonetia papyrifera",2,99,99,8,0.15,4,"mix15_S52",0.295512277730737,1,0.0784357793010451,1,0.104060047765268,1,0,0,0,0,0,0
"75","mix15","S52","Asteraceae","Ambrosia","Ambrosia artemisiifolia",2,99,99,8,0.14,4,"mix15_S52",0,0,0,0,0.00511770726714432,1,0.571888775856222,1,0.347839538001444,1,0.669139465875371,1
"76","mix15","S52","Asteraceae","Artemisia","Artemisia tridentata",2,99,99,8,0.16,4,"mix15_S52",0,0,0,0,0.00511770726714432,1,0,0,0.321233371145715,1,0.669139465875371,1
"77","mix15","S52","Poaceae","Poa","Poa pratensis",2,99,99,8,0.13,4,"mix15_S52",0.260160880609653,1,0.0690527025508484,1,0.181849198225861,1,0.186673448626653,1,0.196865009796844,1,0.19515331355094,1
"78","mix15","S52","Poaceae","Zea","Zea mays",2,99,99,8,0.05,4,"mix15_S52",0,0,0,0,0.181849198225861,1,0,0,0,0,0.19515331355094,1
"79","mix15","S54","Amaranthaceae","Bassia","Bassia scoparia",2,99,99,8,0.09,4,"mix15_S54",0.112883283877349,1,0.028229546719436,1,0.0269386652256147,1,0.143748590331554,1,0.119086683073558,1,0.119980796089385,1
"80","mix15","S54","Salicaceae","Populus","Populus tremuloides",2,99,99,8,0.15,4,"mix15_S54",0.00853115727002967,1,0.785603858759508,1,0.691380707916779,1,0.0130065408615894,1,0.0201440160422933,1,0.021822625698324,1
"81","mix15","S54","Juglandaceae","Carya","Carya illinoinensis",2,99,99,8,0.13,4,"mix15_S54",0,0,0,0,0,0,0.00300729268476054,1,0.00182298787713062,1,0.00174581005586592,1
"82","mix15","S54","Moraceae","Broussonetia","Broussonetia papyrifera",2,99,99,8,0.15,4,"mix15_S54",0.336671612265084,1,0.0841939274009029,1,0.10432315590381,1,0.00405984512442673,1,0.00246103363412633,1,0.00235684357541899,1
"83","mix15","S54","Asteraceae","Ambrosia","Ambrosia artemisiifolia",2,99,99,8,0.14,4,"mix15_S54",0,0,0,0,0.00470143204539314,1,0.572362980227051,1,0.346960167714885,1,0.659741620111732,1
"84","mix15","S54","Asteraceae","Artemisia","Artemisia tridentata",2,99,99,8,0.16,4,"mix15_S54",0,0,0,0,0.00470143204539314,1,0,0,0.313964087138821,1,0.659741620111732,1
"85","mix15","S54","Poaceae","Poa","Poa pratensis",2,99,99,8,0.13,4,"mix15_S54",0.255563798219585,1,0.0655494403561932,1,0.170791677924885,1,0.175926622058492,1,0.193282289672774,1,0.192170041899441,1
"86","mix15","S54","Poaceae","Zea","Zea mays",2,99,99,8,0.05,4,"mix15_S54",0,0,0,0,0.170791677924885,1,0,0,0,0,0.192170041899441,1
"87","mix16","S57","Asteraceae","Ambrosia","Ambrosia artemisiifolia",2,99,99,2,0.31,4,"mix16_S57",0,0,0,0,1,1,0.841638981173865,1,0.415368639667705,1,1,1
"88","mix16","S57","Asteraceae","Artemisia","Artemisia tridentata",2,99,99,2,0.69,4,"mix16_S57",0,0,0,0,1,1,0,0,0.584631360332295,1,1,1
"89","mix16","S55","Asteraceae","Ambrosia","Ambrosia artemisiifolia",2,99,99,2,0.31,4,"mix16_S55",0,0,0,0,1,1,0.86897864591955,1,0.479493971501644,1,1,1
"90","mix16","S55","Asteraceae","Artemisia","Artemisia tridentata",2,99,99,2,0.69,4,"mix16_S55",0,0,0,0,1,1,0,0,0.520506028498356,1,1,1
"91","mix16","S56","Asteraceae","Ambrosia","Ambrosia artemisiifolia",2,99,99,2,0.31,4,"mix16_S56",0,0,0,0,1,1,0.837832576249189,1,0.440051626927519,1,1,1
"92","mix16","S56","Asteraceae","Artemisia","Artemisia tridentata",2,99,99,2,0.69,4,"mix16_S56",0,0,0,0,1,1,0,0,0.559948373072481,1,1,1
"93","mix17","S58","Salicaceae","Populus","Populus tremuloides",3,99,99,2,0.36,4,"mix17_S58",0.023731048121292,1,0.939499560769645,1,0.89252186899936,1,0.271526980482204,1,0.953416149068323,1,0.961022087483759,1
"94","mix17","S58","Moraceae","Broussonetia","Broussonetia papyrifera",3,99,99,2,0.64,4,"mix17_S58",0.469127664249615,1,0.0605004392303551,1,0.10747813100064,1,0.0516647531572905,1,0.046583850931677,1,0.0389779125162408,1
"95","mix17","S59","Salicaceae","Populus","Populus tremuloides",3,99,99,2,0.36,4,"mix17_S59",0.0234134319162046,1,0.923312834438144,1,0.884849774319539,1,0.350783475783476,1,0.95,1,0.955116696588869,1
"96","mix17","S59","Moraceae","Broussonetia","Broussonetia papyrifera",3,99,99,2,0.64,4,"mix17_S59",0.591620455945779,1,0.0766871655618561,1,0.115150225680461,1,0.0534188034188034,1,0.05,1,0.0448833034111311,1
"97","mix17","S60","Salicaceae","Populus","Populus tremuloides",3,99,99,2,0.36,4,"mix17_S60",0.0285076846802181,1,0.922571951767267,1,0.880431937172775,1,0.351294241944004,1,0.940116845180136,1,0.945719329214475,1
"98","mix17","S60","Moraceae","Broussonetia","Broussonetia papyrifera",3,99,99,2,0.64,4,"mix17_S60",0.55552801189886,1,0.0774280482327333,1,0.119568062827225,1,0.0501848917062863,1,0.0462512171372931,1,0.0419240953221536,1
"99","mix18","S62","Asteraceae","Artemisia","Artemisia tridentata",3,99,99,2,0.71,4,"mix18_S62",0,0,0.0399610136452242,1,0.805637411915439,1,0,0,0.987745347299908,1,0.984202446392314,1
"100","mix18","S62","Juglandaceae","Carya","Carya illinoinensis",3,99,99,2,0.3,4,"mix18_S62",0,0,0,0,0.185906470211403,1,0.0628610261637785,1,0.0122546527000915,1,0.0157975536076858,1
"101","mix18","S61","Asteraceae","Artemisia","Artemisia tridentata",3,99,99,2,0.71,4,"mix18_S61",0,0,0.056663644605621,1,0.815013404825737,1,0,0,0.984979780473715,1,0.981500408830744,1
"102","mix18","S61","Juglandaceae","Carya","Carya illinoinensis",3,99,99,2,0.3,4,"mix18_S61",0,0,0,0,0.18049889264483,1,0.0775831247765463,1,0.0150202195262854,1,0.0184995911692559,1
"103","mix18","S63","Asteraceae","Artemisia","Artemisia tridentata",3,99,99,2,0.71,4,"mix18_S63",0,0,0.0360153256704981,1,0.816681063441789,1,0,0,0.987865221489161,1,0.984610967556704,1
"104","mix18","S63","Juglandaceae","Carya","Carya illinoinensis",3,99,99,2,0.3,4,"mix18_S63",0,0,0,0,0.177176312505999,1,0.0685994283380972,1,0.0121347785108388,1,0.015389032443296,1
"105","mix19","S66","Moraceae","Broussonetia","Broussonetia papyrifera",3,99,99,2,0.65,4,"mix19_S66",0.741154508902929,1,0.739328482209362,1,0.775412664366315,1,0.0215285252960172,1,0.0155844155844156,1,0.0148957298907646,1
"106","mix19","S66","Amaranthaceae","Bassia","Bassia scoparia",3,99,99,2,0.35,4,"mix19_S66",0.258845491097071,1,0.260671517790638,1,0.222535670987597,1,0.978471474703983,1,0.984415584415584,1,0.985104270109235,1
"107","mix19","S64","Moraceae","Broussonetia","Broussonetia papyrifera",3,99,99,2,0.65,4,"mix19_S64",0.656156935602852,1,0.651546391752577,1,0.707738748627881,1,0.0142857142857143,1,0.0106713721536005,1,0.0101389110649848,1
"108","mix19","S64","Amaranthaceae","Bassia","Bassia scoparia",3,99,99,2,0.35,4,"mix19_S64",0.343843064397148,1,0.346608790016278,1,0.288461538461538,1,0.979302587176603,1,0.984539114360138,1,0.985310554047581,1
"109","mix19","S65","Moraceae","Broussonetia","Broussonetia papyrifera",3,99,99,2,0.65,4,"mix19_S65",0.697599863822061,1,0.69493824718085,1,0.7405540417802,1,0.0172579098753595,1,0.012591815320042,1,0.0120805369127517,1
"110","mix19","S65","Amaranthaceae","Bassia","Bassia scoparia",3,99,99,2,0.35,4,"mix19_S65",0.302400136177939,1,0.303789955628409,1,0.256494096276113,1,0.98274209012464,1,0.987408184679958,1,0.987919463087248,1
"111","mix2","S13","Amaranthaceae","Bassia","Bassia scoparia",1,99,99,5,0.09,4,"mix2_S13",0.144301612256851,1,0.143326996771371,1,0.0951111276849642,1,0.369007569386039,1,0.185859710513759,1,0.187948460766916,1
"112","mix2","S13","Moraceae","Broussonetia","Broussonetia papyrifera",1,99,99,5,0.45,4,"mix2_S13",0.411819106630907,1,0.403095863130262,1,0.374944063245823,1,0.00862068965517241,1,0.00326069667567997,1,0.00316333616233315,1
"113","mix2","S13","Poaceae","Poa","Poa pratensis",1,99,99,5,0.17,4,"mix2_S13",0.296248343043867,1,0.295977791859027,1,0.502834128878282,1,0.428090832632464,1,0.266820423095276,1,0.267494792068513,1
"114","mix2","S13","Poaceae","Zea","Zea mays",1,99,99,5,0.06,4,"mix2_S13",0,0,0,0,0.502834128878282,1,0,0,0,0,0.267494792068513,1
"115","mix2","S13","Asteraceae","Artemisia","Artemisia tridentata",1,99,99,5,0.23,4,"mix2_S13",0,0,0,0,0.0176014319809069,1,0,0,0.539526006044218,1,0.536995602191189,1
"116","mix2","S14","Amaranthaceae","Bassia","Bassia scoparia",1,99,99,5,0.09,4,"mix2_S14",0.120888742954085,1,0.118846505622209,1,0.081080148986067,1,0.393579072532699,1,0.201976860010727,1,0.204226918798665,1
"117","mix2","S14","Moraceae","Broussonetia","Broussonetia papyrifera",1,99,99,5,0.45,4,"mix2_S14",0.451814152027582,1,0.444181417119492,1,0.398848116981653,1,0.0118906064209275,1,0.00459734886215616,1,0.00444938820912125,1
"118","mix2","S14","Poaceae","Poa","Poa pratensis",1,99,99,5,0.17,4,"mix2_S14",0.282876374979478,1,0.285091730779577,1,0.495068285280728,1,0.410622275069362,1,0.280821392996705,1,0.281572117167223,1
"119","mix2","S14","Poaceae","Zea","Zea mays",1,99,99,5,0.06,4,"mix2_S14",0,0,0,0,0.495068285280728,1,0,0,0,0,0.281572117167223,1
"120","mix2","S14","Asteraceae","Artemisia","Artemisia tridentata",1,99,99,5,0.23,4,"mix2_S14",0,0,0,0,0.016795420057939,1,0,0,0.507777181825148,1,0.505079718205413,1
"121","mix2","S15","Amaranthaceae","Bassia","Bassia scoparia",1,99,99,5,0.09,4,"mix2_S15",0.142061143984221,1,0.141323273360418,1,0.093170095452659,1,0.399384510172679,1,0.199146981627297,1,0.202700120995988,1
"122","mix2","S15","Moraceae","Broussonetia","Broussonetia papyrifera",1,99,99,5,0.45,4,"mix2_S15",0.417011834319527,1,0.409024956471271,1,0.379587359933598,1,0.0100871943922038,1,0.00387139107611549,1,0.00375724383875693,1
"123","mix2","S15","Poaceae","Poa","Poa pratensis",1,99,99,5,0.17,4,"mix2_S15",0.296499013806706,1,0.297446314567615,1,0.500918954170866,1,0.410497520943751,1,0.275984251968504,1,0.275807170604343,1
"124","mix2","S15","Poaceae","Zea","Zea mays",1,99,99,5,0.06,4,"mix2_S15",0,0,0,0,0.500918954170866,1,0,0,0,0,0.275807170604343,1
"125","mix2","S15","Asteraceae","Artemisia","Artemisia tridentata",1,99,99,5,0.23,4,"mix2_S15",0,0,0,0,0.0187348076124978,1,0,0,0.516601049868766,1,0.513468763930459,1
"126","mix20","S68","Asteraceae","Ambrosia","Ambrosia artemisiifolia",3,99,99,2,0.73,4,"mix20_S68",0,0,0,0,0,0,1,1,1,1,1,1
"127","mix20","S68","Poaceae","Zea","Zea mays",3,99,99,2,0.27,4,"mix20_S68",0,0,0,0,1,1,0,0,0,0,0,0
"128","mix20","S67","Asteraceae","Ambrosia","Ambrosia artemisiifolia",3,99,99,2,0.73,4,"mix20_S67",0,0,0,0,0,0,0.997378277153558,1,1,1,1,1
"129","mix20","S67","Poaceae","Zea","Zea mays",3,99,99,2,0.27,4,"mix20_S67",0,0,0,0,0.996443223305356,1,0,0,0,0,0,0
"130","mix20","S69","Asteraceae","Ambrosia","Ambrosia artemisiifolia",3,99,99,2,0.73,4,"mix20_S69",0,0,0,0,0,0,0.997391531171202,1,1,1,1,1
"131","mix20","S69","Poaceae","Zea","Zea mays",3,99,99,2,0.27,4,"mix20_S69",0,0,0,0,0.997004461440408,1,0,0,0,0,0,0
"132","mix21","S72","Poaceae","Poa","Poa pratensis",3,99,99,2,0.05,4,"mix21_S72",0.107146190461376,1,0.10910886200938,1,0.114323382616066,1,0.939074399531342,1,0.95210355987055,1,0.95375,1
"133","mix21","S72","Moraceae","Broussonetia","Broussonetia papyrifera",3,99,99,2,0.95,4,"mix21_S72",0.892853809538624,1,0.885552949888916,1,0.879202373104812,1,0.0609256004686585,1,0.0336569579288026,1,0.0325,1
"134","mix21","S70","Poaceae","Poa","Poa pratensis",3,99,99,2,0.05,4,"mix21_S70",0.130080444022904,1,0.132550218947661,1,0.136172450052576,1,0.922318125770654,1,0.938497340425532,1,0.940667094291212,1
"135","mix21","S70","Moraceae","Broussonetia","Broussonetia papyrifera",3,99,99,2,0.95,4,"mix21_S70",0.869919555977096,1,0.86063807604087,1,0.855625657202944,1,0.0776818742293465,1,0.0418882978723404,1,0.040410519563823,1
"136","mix21","S71","Poaceae","Poa","Poa pratensis",3,99,99,2,0.05,4,"mix21_S71",0.137798055510293,1,0.139584342863296,1,0.14106878179706,1,0.91220556745182,1,0.934568616097278,1,0.936158192090396,1
"137","mix21","S71","Moraceae","Broussonetia","Broussonetia papyrifera",3,99,99,2,0.95,4,"mix21_S71",0.862201944489707,1,0.85468152694772,1,0.852061050354525,1,0.0877944325481799,1,0.047481181239143,1,0.0463276836158192,1
"138","mix22","S73","Moraceae","Broussonetia","Broussonetia papyrifera",3,99,99,2,0.92,4,"mix22_S73",0.667146743478957,1,0.657294513348749,1,0.656477825030377,1,0.0232254697286013,1,0.0134991657818899,1,0.0130651790957134,1
"139","mix22","S73","Poaceae","Poa","Poa pratensis",3,99,99,2,0.08,4,"mix22_S73",0.332853256521043,1,0.334664704645785,1,0.336003948967193,1,0.976774530271399,1,0.976186864856666,1,0.976952436876101,1
"140","mix22","S74","Moraceae","Broussonetia","Broussonetia papyrifera",3,99,99,2,0.92,4,"mix22_S74",0.686994443272139,1,0.678169698652965,1,0.672080816083985,1,0.0253470126735063,1,0.01417004048583,1,0.0136437466161343,1
"141","mix22","S74","Poaceae","Poa","Poa pratensis",3,99,99,2,0.08,4,"mix22_S74",0.313005556727861,1,0.31447021247049,1,0.322670100029712,1,0.974652987326494,1,0.966486729644624,1,0.9714131023281,1
"142","mix22","S75","Moraceae","Broussonetia","Broussonetia papyrifera",3,99,99,2,0.92,4,"mix22_S75",0.579623503008493,1,0.549444301800976,1,0.5401527807889,1,0.0358801181933305,1,0.020101690906941,1,0.0194686211635364,1
"143","mix22","S75","Poaceae","Poa","Poa pratensis",3,99,99,2,0.08,4,"mix22_S75",0.414978621316772,1,0.403935737079558,1,0.422506472141099,1,0.96411988180667,1,0.960742580111151,1,0.961978928080623,1
"144","mix23","S76","Poaceae","Poa","Poa pratensis",3,99,99,2,0.73,2,"mix23_S76",0.683891498711926,1,0.674323335771763,1,0.662472092551248,1,0.989687995769434,1,0.964717025811035,1,0.969175462750497,1
"145","mix23","S76","Moraceae","Broussonetia","Broussonetia papyrifera",3,99,99,2,0.27,2,"mix23_S76",0.316108501288074,1,0.305193855157279,1,0.323320478993302,1,0.00621364357482813,1,0.00370984292367195,1,0.00359492121768395,1
"146","mix23","S77","Poaceae","Poa","Poa pratensis",3,99,99,2,0.73,2,"mix23_S77",0.679078857022131,1,0.667924720762993,1,0.668729417725184,1,0.979918588873813,1,0.945249471293178,1,0.949595707700446,1
"147","mix23","S77","Moraceae","Broussonetia","Broussonetia papyrifera",3,99,99,2,0.27,2,"mix23_S77",0.31732953044948,1,0.306421176110573,1,0.31306770889878,1,0.00827679782903664,1,0.004777943134644,1,0.00460968790145848,1
"148","mix23","S78","Poaceae","Poa","Poa pratensis",3,99,99,2,0.73,2,"mix23_S78",0.648828372387587,1,0.6371672424304,1,0.640651115471259,1,0.981318681318681,1,0.964030771363227,1,0.967490072019923,1
"149","mix23","S78","Moraceae","Broussonetia","Broussonetia papyrifera",3,99,99,2,0.27,2,"mix23_S78",0.351171627612413,1,0.338041048567364,1,0.34161761499891,1,0.00891330891330891,1,0.0050592556656733,1,0.0049135087837383,1
"150","mix24","S80","Asteraceae","Ambrosia","Ambrosia artemisiifolia",3,99,99,2,0.08,2,"mix24_S80",0,0,0,0,1,1,0.41627408993576,1,0.0961376786509075,1,1,1
"151","mix24","S80","Asteraceae","Artemisia","Artemisia tridentata",3,99,99,2,0.92,2,"mix24_S80",0,0,0,0,1,1,0,0,0.903862321349093,1,1,1
"152","mix24","S81","Asteraceae","Ambrosia","Ambrosia artemisiifolia",3,99,99,2,0.08,2,"mix24_S81",0,0,0,0,0.990629405423335,1,0.496019108280255,1,0.125094121781035,1,1,1
"153","mix24","S81","Asteraceae","Artemisia","Artemisia tridentata",3,99,99,2,0.92,2,"mix24_S81",0,0,0.146974063400576,1,0.990629405423335,1,0,0,0.874905878218965,1,1,1
"154","mix24","S79","Asteraceae","Ambrosia","Ambrosia artemisiifolia",3,99,99,2,0.08,2,"mix24_S79",0,0,0.0429042904290429,1,0.993076274853668,1,NA,0,NA,0,NA,0
"155","mix24","S79","Asteraceae","Artemisia","Artemisia tridentata",3,99,99,2,0.92,2,"mix24_S79",0,0,0.278877887788779,1,0.993076274853668,1,NA,0,NA,0,NA,0
"156","mix25","S82","Asteraceae","Ambrosia","Ambrosia artemisiifolia",3,99,99,2,0.23,2,"mix25_S82",0,0,0,0,0.993195463642428,1,0.773885803787555,1,0.342610394931762,1,1,1
"157","mix25","S82","Asteraceae","Artemisia","Artemisia tridentata",3,99,99,2,0.77,2,"mix25_S82",0,0,0,0,0.993195463642428,1,0,0,0.657389605068238,1,1,1
"158","mix25","S83","Asteraceae","Ambrosia","Ambrosia artemisiifolia",3,99,99,2,0.23,2,"mix25_S83",0,0,0,0,0.994857142857143,1,0.784474627428787,1,0.347221642383,1,1,1
"159","mix25","S83","Asteraceae","Artemisia","Artemisia tridentata",3,99,99,2,0.77,2,"mix25_S83",0,0,0,0,0.994857142857143,1,0,0,0.652778357617,1,1,1
"160","mix25","S84","Asteraceae","Ambrosia","Ambrosia artemisiifolia",3,99,99,2,0.23,2,"mix25_S84",0,0,0,0,1,1,0.802067946824225,1,0.358674112772473,1,1,1
"161","mix25","S84","Asteraceae","Artemisia","Artemisia tridentata",3,99,99,2,0.77,2,"mix25_S84",0,0,0,0,1,1,0,0,0.641325887227527,1,1,1
"162","mix26","S85","Asteraceae","Ambrosia","Ambrosia artemisiifolia",3,99,99,2,0.61,2,"mix26_S85",0,0,0.494163424124514,1,0.989579396360888,1,0.949597055946336,1,0.726226421796739,1,1,1
"163","mix26","S85","Asteraceae","Artemisia","Artemisia tridentata",3,99,99,2,0.39,2,"mix26_S85",0,0,0.12094682230869,1,0.989579396360888,1,0,0,0.273773578203261,1,1,1
"164","mix26","S86","Asteraceae","Ambrosia","Ambrosia artemisiifolia",3,99,99,2,0.61,2,"mix26_S86",0,0,0.511421319796954,1,0.992325184764071,1,0.956307774157079,1,0.755634171907757,1,1,1
"165","mix26","S86","Asteraceae","Artemisia","Artemisia tridentata",3,99,99,2,0.39,2,"mix26_S86",0,0,0.11844331641286,1,0.992325184764071,1,0,0,0.244365828092243,1,1,1
"166","mix26","S87","Asteraceae","Ambrosia","Ambrosia artemisiifolia",3,99,99,2,0.61,2,"mix26_S87",0,0,0.472380410022779,1,0.983154881980724,1,0.942853065302045,1,0.71114005516396,1,1,1
"167","mix26","S87","Asteraceae","Artemisia","Artemisia tridentata",3,99,99,2,0.39,2,"mix26_S87",0,0,0.104214123006834,1,0.983154881980724,1,0,0,0.288323628562672,1,1,1
"168","mix27","S89","Asteraceae","Ambrosia","Ambrosia artemisiifolia",3,99,99,2,0.88,2,"mix27_S89",0,0,0.583259359824552,1,0.956901390067219,1,0.975007650719168,1,0.857245080500894,1,1,1
"169","mix27","S89","Asteraceae","Artemisia","Artemisia tridentata",3,99,99,2,0.12,2,"mix27_S89",0,0,0.0448540546185578,1,0.956901390067219,1,0,0,0.142754919499106,1,1,1
"170","mix27","S88","Asteraceae","Ambrosia","Ambrosia artemisiifolia",3,99,99,2,0.88,2,"mix27_S88",0,0,0.633788869082987,1,0.967031342400946,1,0.975594801572512,1,0.870946364821822,1,0.999185775497949,1
"171","mix27","S88","Asteraceae","Artemisia","Artemisia tridentata",3,99,99,2,0.12,2,"mix27_S88",0,0,0.0431768667062785,1,0.967031342400946,1,0,0,0.127012120823446,1,0.999185775497949,1
"172","mix27","S90","Asteraceae","Ambrosia","Ambrosia artemisiifolia",3,99,99,2,0.88,2,"mix27_S90",0,0,0.592760844079719,1,0.959794557577942,1,0.976192430834907,1,0.867090677812102,1,1,1
"173","mix27","S90","Asteraceae","Artemisia","Artemisia tridentata",3,99,99,2,0.12,2,"mix27_S90",0,0,0.0439624853458382,1,0.959794557577942,1,0,0,0.132909322187897,1,1,1
"174","mix28","S93","Asteraceae","Ambrosia","Ambrosia artemisiifolia",3,99,99,2,0.94,2,"mix28_S93",0,0,0.772683397683398,1,0.974076184274784,1,0.989412799350561,1,0.943428956921199,1,1,1
"175","mix28","S93","Asteraceae","Artemisia","Artemisia tridentata",3,99,99,2,0.06,2,"mix28_S93",0,0,0.027992277992278,1,0.974076184274784,1,0,0,0.0565710430788011,1,1,1
"176","mix28","S91","Asteraceae","Ambrosia","Ambrosia artemisiifolia",3,99,99,2,0.94,2,"mix28_S91",0,0,0.738887647978557,1,0.976239441792141,1,0.987694440833658,1,0.934578293559987,1,1,1
"177","mix28","S91","Asteraceae","Artemisia","Artemisia tridentata",3,99,99,2,0.06,2,"mix28_S91",0,0,0.0247933884297521,1,0.976239441792141,1,0,0,0.0654217064400131,1,1,1
"178","mix28","S92","Asteraceae","Ambrosia","Ambrosia artemisiifolia",3,99,99,2,0.94,2,"mix28_S92",0,0,0.801207851031706,1,0.982955257551072,1,0.988174427198817,1,0.941551082087538,1,1,1
"179","mix28","S92","Asteraceae","Artemisia","Artemisia tridentata",3,99,99,2,0.06,2,"mix28_S92",0,0,0.0339708102667338,1,0.982955257551072,1,0,0,0.0584489179124615,1,1,1
"180","mix3","S17","Amaranthaceae","Bassia","Bassia scoparia",1,99,99,7,0.07,4,"mix3_S17",0.13931201452638,1,0.035546060590461,1,0.0334483674011149,1,0.341619731986794,1,0.177029427666641,1,0.178946578631453,1
"181","mix3","S17","Asteraceae","Artemisia","Artemisia tridentata",1,99,99,7,0.19,4,"mix3_S17",0,0,0,0,0.00546411821962658,1,0,0,0.51873020777014,1,0.514330732292917,1
"182","mix3","S17","Juglandaceae","Carya","Carya illinoinensis",1,99,99,7,0.14,4,"mix3_S17",0,0,0,0,0,0,0.00679743639541659,1,0.00270332895651502,1,0.00262605042016807,1
"183","mix3","S17","Moraceae","Broussonetia","Broussonetia papyrifera",1,99,99,7,0.24,4,"mix3_S17",0.287299505699586,1,0.0733057064168233,1,0.0931333510308822,1,0.00563216158477374,1,0.00223990113539816,1,0.00217587034813926,1
"184","mix3","S17","Poaceae","Poa","Poa pratensis",1,99,99,7,0.14,4,"mix3_S17",0.278321396146474,1,0.0725592648837868,1,0.191664454473055,1,0.398135560302971,1,0.268633660307407,1,0.2687575030012,1
"185","mix3","S17","Poaceae","Zea","Zea mays",1,99,99,7,0.08,4,"mix3_S17",0,0,0,0,0.191664454473055,1,0,0,0,0,0.2687575030012,1
"186","mix3","S17","Salicaceae","Populus","Populus tremuloides",1,99,99,7,0.14,4,"mix3_S17",0.0090789871885403,1,0.777174332707009,1,0.672905052650208,1,0.0273839580501068,1,0.0274194794160809,1,0.0300120048019208,1
"187","mix3","S16","Amaranthaceae","Bassia","Bassia scoparia",1,99,99,7,0.07,4,"mix3_S16",0.134804624056559,1,0.0342102794972801,1,0.0326012630224046,1,0.345614035087719,1,0.18555297054985,1,0.187105205837508,1
"188","mix3","S16","Asteraceae","Artemisia","Artemisia tridentata",1,99,99,7,0.19,4,"mix3_S16",0,0,0,0,0.00528940911467761,1,0,0,0.50547579867219,1,0.502831627096493,1
"189","mix3","S16","Juglandaceae","Carya","Carya illinoinensis",1,99,99,7,0.14,4,"mix3_S16",0,0,0,0,0,0,0.00730994152046784,1,0.00283720138455428,1,0.00272271836201263,1
"190","mix3","S16","Moraceae","Broussonetia","Broussonetia papyrifera",1,99,99,7,0.24,4,"mix3_S16",0.284035540269418,1,0.0697101857062465,1,0.0863601625035196,1,0.00657894736842105,1,0.00255348124609885,1,0.00245044652581137,1
"191","mix3","S16","Poaceae","Poa","Poa pratensis",1,99,99,7,0.14,4,"mix3_S16",0.288143689691411,1,0.071961170512099,1,0.193596395961546,1,0.399122807017544,1,0.275208534301765,1,0.274177739054672,1
"192","mix3","S16","Poaceae","Zea","Zea mays",1,99,99,7,0.08,4,"mix3_S16",0,0,0,0,0.193596395961546,1,0,0,0,0,0.274177739054672,1
"193","mix3","S16","Salicaceae","Populus","Populus tremuloides",1,99,99,7,0.14,4,"mix3_S16",0.00945829750644884,1,0.785687488276121,1,0.679216443425446,1,0.0211988304093567,1,0.0247403960733133,1,0.0272271836201263,1
"194","mix3","S18","Amaranthaceae","Bassia","Bassia scoparia",1,99,99,7,0.07,4,"mix3_S18",0.106817353262851,1,0.0249715909090909,1,0.0241736924569126,1,0.358332420291443,1,0.190602106723308,1,0.191094697526072,1
"195","mix3","S18","Asteraceae","Artemisia","Artemisia tridentata",1,99,99,7,0.19,4,"mix3_S18",0,0,0,0,0.00475018030789127,1,0,0,0.484784776106463,1,0.480621944310385,1
"196","mix3","S18","Juglandaceae","Carya","Carya illinoinensis",1,99,99,7,0.14,4,"mix3_S18",0,0,0,0,0,0,0.00755998685219678,1,0.00390133945988123,1,0.00495205321358877,1
"197","mix3","S18","Moraceae","Broussonetia","Broussonetia papyrifera",1,99,99,7,0.24,4,"mix3_S18",0.309758172317414,1,0.0724147727272727,1,0.0909000472531025,1,0.00734085679850992,1,0.00290433048680047,1,0.00281175902805464,1
"198","mix3","S18","Poaceae","Poa","Poa pratensis",1,99,99,7,0.14,4,"mix3_S18",0.284724753919067,1,0.0682386363636364,1,0.174513168693576,1,0.393448011394763,1,0.281871775976419,1,0.284533227018067,1
"199","mix3","S18","Poaceae","Zea","Zea mays",1,99,99,7,0.08,4,"mix3_S18",0,0,0,0,0.174513168693576,1,0,0,0,0,0.284533227018067,1
"200","mix3","S18","Salicaceae","Populus","Populus tremuloides",1,99,99,7,0.14,4,"mix3_S18",0.0100862802284603,1,0.798039772727273,1,0.703598696809172,1,0.0294729922208831,1,0.0283930816246911,1,0.0305936168873408,1
"201","mix4","S21","Amaranthaceae","Bassia","Bassia scoparia",1,99,99,9,0.03,4,"mix4_S21",0.103180473372781,1,0.0187290221526068,1,0.018505643710126,1,0.145338135254102,1,0.122608079376329,1,0.12333105935094,1
"202","mix4","S21","Asteraceae","Ambrosia","Ambrosia artemisiifolia",1,99,99,9,0.13,4,"mix4_S21",0,0,0,0,0.00286275151316866,1,0.569027611044418,1,0.359927103371469,1,0.66182633271611,1
"203","mix4","S21","Asteraceae","Artemisia","Artemisia tridentata",1,99,99,9,0.23,4,"mix4_S21",0,0,0,0,0.00286275151316866,1,0,0,0.305406499949377,1,0.66182633271611,1
"204","mix4","S21","Juglandaceae","Carya","Carya illinoinensis",1,99,99,9,0.07,4,"mix4_S21",0,0,0,0,0,0,0.00336134453781513,1,0.00212615166548547,1,0.00204658415359127,1
"205","mix4","S21","Moraceae","Broussonetia","Broussonetia papyrifera",1,99,99,9,0.16,4,"mix4_S21",0.29672090729783,1,0.0538599239203401,1,0.0709962375265827,1,0.00352140856342537,1,0.00222739698288954,1,0.00214404054185752,1
"206","mix4","S21","Poaceae","Poa","Poa pratensis",1,99,99,9,0.08,4,"mix4_S21",0.249876725838264,1,0.0453569031103155,1,0.117372812039915,1,0.153581432573029,1,0.1616887718943,1,0.160705584251048,1
"207","mix4","S21","Poaceae","Zea","Zea mays",1,99,99,9,0.05,4,"mix4_S21",0,0,0,0,0.117372812039915,1,0,0,0,0,0.160705584251048,1
"208","mix4","S21","Salicaceae","Populus","Populus deltoides",1,99,99,9,0.18,4,"mix4_S21",0.216222879684418,1,0.857574401432088,1,0.788606248977589,1,0.0158463385354142,1,0.0426242786271135,1,0.0466816099795342,1
"209","mix4","S21","Salicaceae","Populus","Populus tremuloides",1,99,99,9,0.18,4,"mix4_S21",0.00912228796844181,1,0.857574401432088,1,0.788606248977589,1,0.024249699879952,1,0.0426242786271135,1,0.0466816099795342,1
"210","mix4","S19","Amaranthaceae","Bassia","Bassia scoparia",1,99,99,9,0.03,4,"mix4_S19",0.102375446710111,1,0.0190666353457051,1,0.0188242829691837,1,0.142102947646282,1,0.118590477936122,1,0.118849389894718,1
"211","mix4","S19","Asteraceae","Ambrosia","Ambrosia artemisiifolia",1,99,99,9,0.13,4,"mix4_S19",0,0,0,0,0.00288235712760658,1,0.565112186537616,1,0.353159510608074,1,0.65715166732743,1
"212","mix4","S19","Asteraceae","Artemisia","Artemisia tridentata",1,99,99,9,0.23,4,"mix4_S19",0,0,0,0,0.00288235712760658,1,0,0,0.307382119781882,1,0.65715166732743,1
"213","mix4","S19","Juglandaceae","Carya","Carya illinoinensis",1,99,99,9,0.07,4,"mix4_S19",0,0,0,0,0,0,0.00271300777240065,1,0.00169545891948861,1,0.00162988414607286,1
"214","mix4","S19","Moraceae","Broussonetia","Broussonetia papyrifera",1,99,99,9,0.16,4,"mix4_S19",0.323102795879756,1,0.0601753973846997,1,0.07711194932745,1,0.00381287578823874,1,0.0023828071300921,1,0.00229064798907537,1
"215","mix4","S19","Poaceae","Poa","Poa pratensis",1,99,99,9,0.08,4,"mix4_S19",0.256674374605844,1,0.0487236708166941,1,0.12347875596043,1,0.152735005132717,1,0.168033725885534,1,0.167437557816836,1
"216","mix4","S19","Poaceae","Zea","Zea mays",1,99,99,9,0.05,4,"mix4_S19",0,0,0,0,0.12347875596043,1,0,0,0,0,0.167437557816836,1
"217","mix4","S19","Salicaceae","Populus","Populus deltoides",1,99,99,9,0.18,4,"mix4_S19",0.185305865040992,1,0.84707540521494,1,0.775852252508718,1,0.0201642469570318,1,0.0462814461806351,1,0.0502621029910577,1
"218","mix4","S19","Salicaceae","Populus","Populus tremuloides",1,99,99,9,0.18,4,"mix4_S19",0.00945974353584192,1,0.84707540521494,1,0.775852252508718,1,0.026616805983282,1,0.0462814461806351,1,0.0502621029910577,1
"219","mix4","S20","Amaranthaceae","Bassia","Bassia scoparia",1,99,99,9,0.03,4,"mix4_S20",0.112164725006773,1,0.0219850246933248,1,0.0222677856189205,1,0.140387515953127,1,0.113244599607244,1,0.113302913302913,1
"220","mix4","S20","Asteraceae","Ambrosia","Ambrosia artemisiifolia",1,99,99,9,0.13,4,"mix4_S20",0,0,0,0,0.00343314896051879,1,0.559925745446107,1,0.351007345988799,1,0.665005265005265,1
"221","mix4","S20","Asteraceae","Artemisia","Artemisia tridentata",1,99,99,9,0.23,4,"mix4_S20",0,0,0,0,0.00343314896051879,1,0,0,0.31595025092734,1,0.665005265005265,1
"222","mix4","S20","Juglandaceae","Carya","Carya illinoinensis",1,99,99,9,0.07,4,"mix4_S20",0,0,0,0,0,0,0.00382875043508528,1,0.00240017455814968,1,0.00231660231660232,1
"223","mix4","S20","Moraceae","Broussonetia","Broussonetia papyrifera",1,99,99,9,0.16,4,"mix4_S20",0.26984557030615,1,0.0528915086824916,1,0.0748617203890902,1,0.00348068221371389,1,0.00218197687104517,1,0.00210600210600211,1
"224","mix4","S20","Poaceae","Poa","Poa pratensis",1,99,99,9,0.08,4,"mix4_S20",0.258195610945543,1,0.0506080399341511,1,0.13093648674423,1,0.164404223227753,1,0.169612335442578,1,0.168199368199368,1
"225","mix4","S20","Poaceae","Zea","Zea mays",1,99,99,9,0.05,4,"mix4_S20",0,0,0,0,0.13093648674423,1,0,0,0,0,0.168199368199368,1
"226","mix4","S20","Salicaceae","Populus","Populus deltoides",1,99,99,9,0.18,4,"mix4_S20",0.235166621511785,1,0.850087621475227,1,0.76850085828724,1,0.017867502030398,1,0.0429122117972216,1,0.0464724464724465,1
"227","mix4","S20","Salicaceae","Populus","Populus tremuloides",1,99,99,9,0.18,4,"mix4_S20",0,0,0.850087621475227,1,0.76850085828724,1,0.0230885253509688,1,0.0429122117972216,1,0.0464724464724465,1
"228","mix6","S25","Poaceae","Poa","Poa pratensis",1,99,99,2,0.49,4,"mix6_S25",0.679645457423235,1,0.655151733237376,1,0.976338729763387,1,0.98777826276735,1,0.959535852424874,1,0.963713613136591,1
"229","mix6","S25","Poaceae","Zea","Zea mays",1,99,99,2,0.51,4,"mix6_S25",0,0,0,0,0.976338729763387,1,0,0,0,0,0.963713613136591,1
"230","mix6","S26","Poaceae","Poa","Poa pratensis",1,99,99,2,0.49,4,"mix6_S26",0.653090768711094,1,0.64282381485629,1,0.987611325269175,1,0.988521739130435,1,0.951207379940309,1,0.959097258599616,1
"231","mix6","S26","Poaceae","Zea","Zea mays",1,99,99,2,0.51,4,"mix6_S26",0,0,0,0,0.987611325269175,1,0,0,0.00135660667450484,1,0.959097258599616,1
"232","mix6","S27","Poaceae","Poa","Poa pratensis",1,99,99,2,0.49,4,"mix6_S27",0.652876327921427,1,0.640454211888301,1,0.984766096100544,1,0.984631222884036,1,0.945292910873034,1,0.954214056576261,1
"233","mix6","S27","Poaceae","Zea","Zea mays",1,99,99,2,0.51,4,"mix6_S27",0,0,0,0,0.984766096100544,1,0.00264725347452019,1,0.00258339031988451,1,0.954214056576261,1
"234","mix7","S28","Asteraceae","Artemisia","Artemisia tridentata",1,99,99,2,0.59,4,"mix7_S28",0,0,0,0,0.0920043074438013,1,0,0,0.995514186385556,1,0.99563652230828,1
"235","mix7","S28","Moraceae","Broussonetia","Broussonetia papyrifera",1,99,99,2,0.41,4,"mix7_S28",1,1,1,1,0.903957463992462,1,0.030188679245283,1,0.00448581361444432,1,0.0043634776917203,1
"236","mix7","S29","Asteraceae","Artemisia","Artemisia tridentata",1,99,99,2,0.59,4,"mix7_S29",0,0,0,0,0.096412653078887,1,0,0,1,1,1,1
"237","mix7","S29","Moraceae","Broussonetia","Broussonetia papyrifera",1,99,99,2,0.41,4,"mix7_S29",0.991983576107146,1,0.986870258704532,1,0.897961833052058,1,0,0,0,0,0,0
"238","mix7","S30","Asteraceae","Artemisia","Artemisia tridentata",1,99,99,2,0.59,4,"mix7_S30",0,0,0,0,0.0706847402408517,1,0,0,0.993819530284302,1,0.99399279134962,1
"239","mix7","S30","Moraceae","Broussonetia","Broussonetia papyrifera",1,99,99,2,0.41,4,"mix7_S30",1,1,1,1,0.925882832043749,1,0.041558921315109,1,0.00618046971569839,1,0.00600720865038046,1
"240","mix8","S31","Moraceae","Broussonetia","Broussonetia papyrifera",1,99,99,2,0.54,4,"mix8_S31",0.24512987012987,1,0.237545883586786,1,0.380083137538406,1,0,0,0,0,0,0
"241","mix8","S31","Poaceae","Poa","Poa pratensis",1,99,99,2,0.46,4,"mix8_S31",0.75487012987013,1,0.731515469323545,1,0.609253569492138,1,1,1,0.932978723404255,1,0.937685459940653,1
"242","mix8","S32","Moraceae","Broussonetia","Broussonetia papyrifera",1,99,99,2,0.54,4,"mix8_S32",0.527802706680547,1,0.514001048767698,1,0.498886469984736,1,0.0162085062240664,1,0.0088999644001424,1,0.00852020993797287,1
"243","mix8","S32","Poaceae","Poa","Poa pratensis",1,99,99,2,0.46,4,"mix8_S32",0.470546002800014,1,0.466596748820136,1,0.485699271826439,1,0.973288381742739,1,0.960982556069776,1,0.965442028491582,1
"244","mix8","S33","Moraceae","Broussonetia","Broussonetia papyrifera",1,99,99,2,0.54,4,"mix8_S33",0.52513996267662,1,0.508230558852366,1,0.502646694447573,1,0.0197177251971773,1,0.0107320379575237,1,0.0103745768264716,1
"245","mix8","S33","Poaceae","Poa","Poa pratensis",1,99,99,2,0.46,4,"mix8_S33",0.472140762463343,1,0.46534908922029,1,0.475729248789278,1,0.980282274802823,1,0.968820605512878,1,0.969859124167304,1
"246","mix9","S34","Moraceae","Broussonetia","Broussonetia papyrifera",2,99,99,2,0.15,1,"mix9_S34",0.248726262158407,1,0.238269550748752,1,0.236430580837332,1,0.00624159784904936,1,0.00326354370638148,1,0.00315182078262134,1
"247","mix9","S34","Poaceae","Poa","Poa pratensis",2,99,99,2,0.85,1,"mix9_S34",0.748436776285317,1,0.730227398779811,1,0.740071156710243,1,0.98434799308623,1,0.956770597981624,1,0.963487368472094,1
"248","mix9","S35","Moraceae","Broussonetia","Broussonetia papyrifera",2,99,99,2,0.15,1,"mix9_S35",0.245998684499013,1,0.235338535112006,1,0.233052913923433,1,0.00632968622841125,1,0.00337268128161889,1,0.00324209161224584,1
"249","mix9","S35","Poaceae","Poa","Poa pratensis",2,99,99,2,0.85,1,"mix9_S35",0.751370313527735,1,0.731143552311436,1,0.742593269934162,1,0.981372637670676,1,0.956058781016622,1,0.962252790514566,1
"250","mix9","S36","Moraceae","Broussonetia","Broussonetia papyrifera",2,99,99,2,0.15,1,"mix9_S36",0.229126213592233,1,0.229126213592233,1,0.231301939058172,1,0.00675944333996024,1,0.00378240071198131,1,0.00366063738156761,1
"251","mix9","S36","Poaceae","Poa","Poa pratensis",2,99,99,2,0.85,1,"mix9_S36",0.770873786407767,1,0.770873786407767,1,0.768698060941828,1,0.987475149105368,1,0.959283568806319,1,0.964039621016365,1
"252","P.del","S2","Salicaceae","Populus","Populus deltoides",99,99,99,1,1,0,"P.del_S2",1,1,1,1,1,1,0.570172651202203,1,0.924632525044471,1,1,1
"253","P.pra","S8","Poaceae","Poa","Poa pratensis",99,99,99,1,1,0,"P.pra_S8",0.991847174486452,1,0.918249981800976,1,0.948419988976667,1,0.98338808071328,1,0.933793536240979,1,0.943990550251009,1
"254","P.tre","S1","Salicaceae","Populus","Populus tremuloides",99,99,99,1,1,0,"P.tre_S1",0.0328947368421053,1,1,1,1,1,0.416804407713499,1,1,1,1,1
"255","Z.mays","S9","Poaceae","Zea","Zea mays",99,99,99,1,1,0,"Z.mays_S9",0,0,0,0,0.993205636062779,1,0.0140550807217474,1,0.0390040048755006,1,0.0346921968293185,1
